{
  "project_info": {
    "project_number": "1072517206633",
    "firebase_url": "https://android-824bc.firebaseio.com",
    "project_id": "android-824bc",
    "storage_bucket": "android-824bc.appspot.com"
  },
  "client": [
    {
      "client_info": {
        "mobilesdk_app_id": "1:1072517206633:android:b7084965e888517cd308f8",
        "android_client_info": {
          "package_name": "com.example.android"
        }
      },
      "oauth_client": [
        {
          "client_id": "1072517206633-ct501crfnlodblbra7k4s1vtivlcjp6c.apps.googleusercontent.com",
          "client_type": 1,
          "android_info": {
            "package_name": "com.example.android",
            "certificate_hash": "f4c5004d04bdff1ebcc0f60ec4eed1e99d6a35a6"
          }
        },
        {
          "client_id": "1072517206633-irb83vv5a92nqm7gm0moje2pp0koc1b9.apps.googleusercontent.com",
          "client_type": 3
        }
      ],
      "api_key": [
        {
          "current_key": "AIzaSyB1FPRcK-lV45_W_1sYGwXnr9gjRuuSPvw"
        }
      ],
      "services": {
        "appinvite_service": {
          "other_platform_oauth_client": [
            {
              "client_id": "1072517206633-irb83vv5a92nqm7gm0moje2pp0koc1b9.apps.googleusercontent.com",
              "client_type": 3
            }
          ]
        }
      }
    }
  ],
  "configuration_version": "1"
}